<?xml version="1.0" encoding="UTF-8"?>
<project-private xmlns="http://www.netbeans.org/ns/project-private/1">
    <editor-bookmarks xmlns="http://www.netbeans.org/ns/editor-bookmarks/2" lastBookmarkId="0"/>
    <open-files xmlns="http://www.netbeans.org/ns/projectui-open-files/2">
        <group>
            <file>file:/F:/pgp/sampleprg/src/java/lvalidate.java</file>
            <file>file:/F:/pgp/sampleprg/web/style2.css</file>
            <file>file:/F:/pgp/sampleprg/src/java/rvalidate.java</file>
            <file>file:/F:/pgp/sampleprg/web/1.jpg</file>
            <file>file:/F:/pgp/sampleprg/src/java/dbCnn1.java</file>
            <file>file:/F:/pgp/sampleprg/web/index1.html</file>
            <file>file:/F:/pgp/sampleprg/web/style.css</file>
            <file>file:/F:/pgp/sampleprg/web/about.html</file>
            <file>file:/F:/pgp/sampleprg/web/about.css</file>
            <file>file:/F:/pgp/sampleprg/src/java/dbCnn.java</file>
            <file>file:/F:/pgp/sampleprg/web/page2.html</file>
            <file>file:/F:/pgp/sampleprg/web/Register.html</file>
            <file>file:/F:/pgp/sampleprg/web/login.html</file>
            <file>file:/F:/pgp/sampleprg/web/page1.html</file>
            <file>file:/F:/pgp/sampleprg/web/page11.jsp</file>
            <file>file:/F:/pgp/sampleprg/web/index_1.html</file>
            <file>file:/F:/pgp/sampleprg/web/style1.css</file>
            <file>file:/F:/pgp/sampleprg/web/WEB-INF/web.xml</file>
        </group>
    </open-files>
</project-private>
